Title,First air date,End date,Rating,Genres,Status,Network,Summary
The Witcher,2019-12-20,2023-07-27,8,"[""Drama"", ""Action"", ""Fantasy""]",Running; returning October 2025,Netflix,"Based on the best-selling fantasy series, The Witcher is an epic tale of fate and family. Geralt of Rivia, a solitary monster hunter, struggles to find his place in a world where people often prove more wicked than beasts. But when destiny hurtles him toward a powerful sorceress…"
Stranger Things,2016-07-15,2022-07-01,8.5,"[""Drama"", ""Horror"", ""Science-Fiction""]",Running; returning November 2025,Netflix,"When a young boy vanishes, a small town uncovers a mystery involving secret experiments, terrifying supernatural forces and one strange little girl."
NCIS,2006-09-19,2025-10-21,7.9,"[""Drama"", ""Action"", ""Crime""]",Running,CBS,"(Naval Criminal Investigative Service) is more than just an action drama. With liberal doses of humor, it's a show that focuses on the sometimes complex and always amusing dynamics of a team forced to work together in high-stress situations. Leroy Jethro Gibbs, a former Marine g…"
Grey's Anatomy,2005-09-25,2025-10-23,7.7,"[""Drama"", ""Romance"", ""Medical""]",Running,ABC,"The doctors of Grey Sloan Memorial Hospital deal with life-or-death consequences on a daily basis -- it's in one another that they find comfort, friendship and, at times, more than friendship. Together they're discovering that neither medicine nor relationships can be defined in…"
South Park,1997-08-13,2025-10-15,8.3,"[""Comedy""]",Running,Comedy Central,is an adult comedy animation show centred around 4 children in the small town of south park. Its humour is often dark involving satirical elements and mocking current real-life events.
The Boys,2019-07-26,2024-07-18,8.4,"[""Action"", ""Fantasy"", ""Adult""]",Running; returning 2026,Prime Video,"In a world where superheroes embrace the darker side of their massive celebrity and fame, The Boys centres on a group of vigilantes known informally as ""The Boys,"" who set out to take down corrupt superheroes with no more than blue collar grit and a willingness to fight dirty."
FBI,2018-09-25,2025-10-27,7.2,"[""Drama"", ""Crime""]",Running,CBS,"is a fast-paced drama about the inner workings of the New York Field Office of the Federal Bureau of Investigation. These first-class agents, including Special Agent Maggie Bell and her partner, Special Agent Omar Adom 'OA' Zidan, bring all their talents, intellect and technical…"
Chicago P.D.,2014-01-08,2025-10-22,8,"[""Drama"", ""Crime""]",Running,NBC,"District 21 of the Chicago Police Department is made up of two distinctly different groups. There are the uniformed cops who patrol the beat and go head to head with the city's street crimes. And there's the Intelligence Unit, the team that combats the city's major offenses - or…"
Invasion,2021-10-22,2025-10-24,6.6,"[""Drama"", ""Science-Fiction"", ""Mystery""]",To Be Determined,Apple TV,Earth is visited by an alien species that threatens humanity's existence. Events unfold in real time through the eyes of five ordinary people across the globe as they struggle to make sense of the chaos unraveling around them.
Gen V,2023-09-29,2025-10-22,7.3,"[""Comedy"", ""Action"", ""Science-Fiction""]",To Be Determined,Prime Video,"From the world of The Boys comes Gen V, a thrilling new series set at America's only college for superheroes. These gifted students put their moral boundaries to the test, competing for the university's top ranking, and a chance to join The Seven, Vought International's elite su…"
Fallout,2024-04-10,2024-04-10,7.8,"[""Drama"", ""Action"", ""Science-Fiction""]",Running; returning December 2025,Prime Video,"Based on one of the greatest video game series of all time, Fallout is the story of haves and have nots in a world in which there's almost nothing left to have. 200 years after the apocalypse, a peaceful denizen from a cozy fallout shelter is forced to return to the surface and…"
Only Murders in the Building,2021-08-31,2025-10-21,6.8,"[""Comedy"", ""Crime"", ""Mystery""]",Running,Hulu,follows three New Yorkers who find they have a mutual interest in solving true crime – but limit their amateur sleuthing to only murders in their building.
Slow Horses,2022-04-01,2025-10-22,8,"[""Drama"", ""Thriller"", ""Espionage""]",Running,Apple TV,follows the story of a group of British intelligence agents who serve in a dumping ground department of MI5 called Slough House after the big mistakes they've made that resulted in the end of their mainstream careers. This quick-witted spy drama follows a dysfunctional team of M…
9-1-1,2018-01-03,2025-10-23,7.5,"[""Drama"", ""Action"", ""Crime""]",Running,ABC,"is a fast-paced exploration into the lives and careers of first responders – cops, paramedics, firefighters – the people who put their lives on the line to save others."
Chicago Fire,2012-10-10,2025-10-22,8,"[""Drama"", ""Action""]",Running,NBC,"No job is more stressful, dangerous or exhilarating than those of the Firefighters, Rescue Squad and Paramedics of Chicago Firehouse 51. These are the courageous men and women who forge headfirst into danger when everyone else is running the other way and whose actions make the…"
True Detective,2014-01-12,2024-02-18,8.1,"[""Drama"", ""Crime"", ""Thriller""]",Running; returning 2027,HBO,Touch darkness and darkness touches you back. True Detective centers on troubled cops and the investigations that drive them to the edge. Each season features a new cast and a new case. is an American anthology crime drama television series created and written by Nic Pizzolatto.
Tulsa King,2022-11-13,2025-10-26,7.7,"[""Drama"", ""Comedy"", ""Crime""]",Running,Paramount+,"follows New York mafia capo Dwight ""The General"" Manfredi, just after he is released from prison after 25 years and unceremoniously exiled by his boss to set up shop in Tulsa, Oklahoma. Realizing that his mob family may not have his best interests in mind, Dwight slowly builds a…"
Star Trek: Strange New Worlds,2022-05-05,2025-09-11,7.9,"[""Action"", ""Adventure"", ""Science-Fiction""]",Running; returning 2026,Paramount+,"follows Captain Pike, Science Officer Spock and Number One in the decade before Captain Kirk boarded the U.S.S. Enterprise, as they explore new worlds around the galaxy."
Foundation,2021-09-24,2025-09-12,7.7,"[""Drama"", ""Science-Fiction"", ""Mystery""]",Running; returning 2027,Apple TV,"When revolutionary Dr. Hari Seldon predicts the impending fall of the Empire, he and a band of loyal followers venture to the far reaches of the galaxy to establish The Foundation in an attempt to rebuild and preserve the future of civilization. Enraged by Hari's claims, the rul…"
The Rookie,2018-10-16,2025-05-13,8,"[""Drama"", ""Comedy"", ""Crime""]",Running; returning 2026,ABC,"is inspired by a true story. John Nolan is the oldest rookie in the LAPD. At an age where most are at the peak of their career, Nolan cast aside his comfortable, small town life and moved to L.A. to pursue his dream of being a cop. Now, surrounded by rookies twenty years his jun…"
The Simpsons,2005-09-11,2025-10-26,8.1,"[""Comedy"", ""Family""]",Running,FOX,"is the longest running scripted show in US television history. It captures the adventures of Homer, Marge, Maggie, Bart and Lisa who are living in a fictional town called Springfield."
Under the Dome,2013-06-24,2015-09-10,6.5,"[""Drama"", ""Science-Fiction"", ""Thriller""]",Ended,CBS,"is the story of a small town that is suddenly and inexplicably sealed off from the rest of the world by an enormous transparent dome. The town's inhabitants must deal with surviving the post-apocalyptic conditions while searching for answers about the dome, where it came from an…"
Law & Order: Special Victims Unit,2005-09-20,2025-10-23,7.9,"[""Drama"", ""Crime"", ""Legal""]",Running,NBC,"In the criminal justice system, sexually-based offenses are considered especially heinous. In New York City, the dedicated detectives who investigate these vicious felonies are members of an elite squad known as the Special Victims Unit. These are their stories."
High Potential,2024-09-17,2025-10-21,7.4,"[""Drama"", ""Crime"", ""Mystery""]",Running,ABC,"follows Morgan, a single mom with an exceptional mind, whose unconventional knack for solving crimes leads to an unusual and unstoppable partnership with a by-the-book seasoned detective."
Alien: Earth,2025-08-12,2025-09-23,7.4,"[""Horror"", ""Science-Fiction"", ""Thriller""]",To Be Determined,Hulu,"When the mysterious deep space research vessel USCSS Maginot crash-lands on Earth, Wendy and a ragtag group of tactical soldiers make a fateful discovery that puts them face-to-face with the planet's greatest threat."
Chicago Med,2015-11-17,2025-10-22,7.8,"[""Drama"", ""Medical""]",Running,NBC,"An emotional thrill ride through the day-to-day chaos of the city's newest state-of-the-art trauma center and into the lives of the courageous doctors, nurses and staff who hold it all together. This is one of those days."
Tracker,2024-02-11,2025-10-26,7.4,"[""Drama""]",Running,CBS,"features lone-wolf survivalist Colter Shaw, who roams the country as a ""reward seeker,"" using his expert tracking skills to help private citizens and law enforcement to solve all manner of mysteries while contending with his own fractured family."
Peacemaker,2022-01-13,2025-10-09,7.8,"[""Comedy"", ""Action"", ""Science-Fiction""]",To Be Determined,HBO Max,"After discovering an alternate and more desirable world, Peacemaker is forced to face his traumatic past and take the future into his own hands."
Mayor of Kingstown,2021-11-14,2025-10-26,7.9,"[""Drama""]",Running,Paramount+,"is set in a small Michigan town where the only industry remaining are federal, state, and private prisons, the story follows the McLusky family, the power brokers between the police, criminals, inmates, prison guards and politicians, in a city completely dependent on prisons and…"
Silo,2023-05-05,2025-01-17,8,"[""Drama"", ""Science-Fiction"", ""Mystery""]",Running; returning 2026,Apple TV,"In a ruined and toxic future, thousands live in a giant silo deep underground. After its sheriff breaks a cardinal rule and residents die mysteriously, engineer Juliette starts to uncover shocking secrets and the truth about the silo."
The Morning Show,2019-11-01,2025-10-22,7,"[""Drama""]",Running,Apple TV,"Nominated for three Golden Globes®, this unapologetically candid drama looks at the modern workplace through the lens of the people who help America wake up. Pull back the curtain on early morning TV."
Reacher,2022-02-04,2025-03-27,8.2,"[""Drama"", ""Action"", ""Thriller""]",Running; returning 2026,Prime Video,"follows Jack Reacher, a veteran military police investigator who has just recently entered civilian life. Reacher is a drifter, carrying no phone and the barest of essentials as he travels the country and explores the nation he once served. When Reacher arrives in the small town…"
FROM,2022-02-20,2024-11-24,7.8,"[""Drama"", ""Horror"", ""Science-Fiction""]",Running; returning 2026,MGM+,"unravels the mystery of a nightmarish town that traps all those who enter. As the unwilling residents fight to keep a sense of normalcy and search for a way out, they must also survive the threats of the surrounding forest – including the terrifying creatures that come out when…"
The Last of Us,2023-01-15,2025-05-25,8,"[""Drama"", ""Action"", ""Horror""]",Running; returning 2027,HBO,"After a global pandemic destroys civilization, a hardened survivor takes charge of a 14-year-old girl who may be humanity's last hope."
Wednesday,2022-11-23,2025-09-03,8,"[""Comedy"", ""Mystery"", ""Supernatural""]",Running; returning 2026,Netflix,"Smart, sarcastic and a little dead inside, Wednesday Addams investigates a murder spree while making new friends — and foes — at Nevermore Academy."
House of the Dragon,2022-08-21,2024-08-04,7.7,"[""Drama"", ""Action"", ""Fantasy""]",Running; returning 2026,HBO,"Set 200 years before the events of Game of Thrones, House of the Dragon tells the history of House Targaryen as they fight through a civil war."
The Walking Dead: Daryl Dixon,2023-09-10,2025-10-19,7.4,"[""Drama"", ""Action"", ""Horror""]",Running; returning 2026,AMC,"is a spinoff series set in The Walking Dead Universe that centers around the eponymous character. Daryl washes ashore in France, raising the ire of a splintered but growing autocratic movement centered in Paris and endangering a young boy at the heart of a benevolent religious m…"
Ghosts,2021-10-07,2025-10-23,7,"[""Comedy"", ""Supernatural""]",Running,CBS,"Samantha and Jay throw caution to the wind when they convert their recently inherited country estate into a bed-and-breakfast. Call it mislaid plans. Not only is the place falling apart, but it's also inhabited by spirits of previous residents -- whom only Samantha can see and h…"
Last Week Tonight with John Oliver,2014-04-27,2025-10-26,7.8,"[""Comedy""]",Running,HBO,"On Last Week Tonight with John Oliver, John Oliver presents a satirical look at the week in news, politics and current events."
Blue Bloods,2010-09-24,2024-12-13,8.1,"[""Drama"", ""Crime""]",Ended,CBS,"is a drama about a multi-generational family of cops dedicated to New York City law enforcement. Frank Reagan is the New York Police Commissioner and heads both the police force and the Reagan brood. He runs his department as diplomatically as he runs his family, even when deali…"
Criminal Minds,2005-09-22,2025-07-10,8.1,"[""Drama"", ""Crime"", ""Thriller""]",Running; returning 2026,Paramount+,"revolves around an elite team of FBI profilers who analyze the country's most twisted criminal minds, anticipating their next moves before they strike again."
The Diplomat,2023-04-20,2025-10-16,7.9,"[""Drama"", ""Thriller""]",Running; returning 2026,Netflix,"In the midst of an international crisis, a career diplomat lands in a high-profile job she's unsuited for, with tectonic implications for her marriage and her political future."
3 Body Problem,2024-03-21,2024-03-21,7.5,"[""Drama"", ""Science-Fiction"", ""Thriller""]",Running; returning 2026,Netflix,"Across continents and decades, five brilliant friends make earth-shattering discoveries as the laws of science unravel and an existential threat emerges."
Family Guy,1999-01-31,2025-07-17,7.6,"[""Comedy"", ""Family""]",Running; returning 2026,FOX,"follows Peter Griffin the endearingly ignorant dad, and his hilariously offbeat family of middle-class New Englanders in Quahog, RI. Lois is Peter's wife, a stay-at-home mom with no patience for her family's antics. Then there are their kids: 18-year-old Meg is an outcast at sch…"
Person of Interest,2011-09-22,2016-06-21,8.8,"[""Action"", ""Crime"", ""Science-Fiction""]",Ended,CBS,"You are being watched. The government has a secret system, a machine that spies on you every hour of every day. I know because I built it. I designed the Machine to detect acts of terror but it sees everything. Violent crimes involving ordinary people. People like you. Crimes th…"
The Mandalorian,2019-11-12,2023-04-19,8.5,"[""Action"", ""Adventure"", ""Science-Fiction""]",Running,Disney+,"After the stories of Jango and Boba Fett, another warrior emerges in the Star Wars universe. The Mandalorian is set after the fall of the Empire and before the emergence of the First Order. We follow the travails of a lone gunfighter in the outer reaches of the galaxy far from t…"
Shōgun,2024-02-27,2024-04-23,8.5,"[""Drama"", ""Adventure"", ""History""]",Running,Hulu,"is set in Japan in the year 1600 at the dawn of a century-defining civil war. Lord Yoshii Toranaga is fighting for his life as his enemies on the Council of Regents unite against him, when a mysterious European ship is found marooned in a nearby fishing village."
The Day of the Jackal,2024-11-07,2024-12-12,7.9,"[""Thriller""]",Running,Now,"follows an unrivaled and highly elusive lone assassin, the Jackal, who makes his living carrying out hits for the highest fee. But following his latest kill, he meets his match in a tenacious British intelligence officer who starts to track down the Jackal in a thrilling cat-and…"
Hijack,2023-06-28,2023-08-02,7.6,"[""Thriller""]",Running; returning January 2026,Apple TV,"Told in real time, Hijack is a tense thriller that follows the journey of a hijacked plane as it makes its way to London over a seven-hour flight, as authorities on the ground scramble for answers. Sam Nelson is an accomplished negotiator in the business world who needs to step…"
Landman,2024-11-17,2025-01-12,8.2,"[""Drama""]",Running; returning November 2025,Paramount+,"Set in the proverbial boomtowns of West Texas, Landman is a modern day tale of fortune seeking in the world of oil rigs. The series is an upstairs/downstairs story of roughnecks and wildcat billionaires fueling a boom so big, it's reshaping our climate, our economy and our geopo…"
Lioness,2023-07-23,2024-12-08,7.6,"[""Drama"", ""Thriller"", ""Espionage""]",Running; returning 2026,Paramount+,", inspired by an actual U.S. Military program, follows the life of Joe while she attempts to balance her personal and professional life as the tip of the CIA's spear in the war on terror. The Lioness Program, overseen by Kaitlyn Meade and Donald Westfield, enlists an aggressive…"
Outlander,2014-08-09,2025-01-17,7.9,"[""Adventure"", ""Romance"", ""Science-Fiction""]",Running; returning 2026,STARZ,"follows the story of Claire Randall, a married combat nurse from 1945 who is mysteriously swept back in time to 1743, where she is immediately thrown into an unknown world where her life is threatened. When she is forced to marry Jamie, a chivalrous and romantic young Scottish w…"
Band of Brothers,2001-09-09,2001-11-04,9,"[""Drama"", ""Action"", ""War""]",Ended,HBO,"Drawn from interviews with survivors of Easy Company, as well as their journals and letters, Band of Brothers chronicles the experiences of these men from paratrooper training in Georgia through the end of the war. As an elite rifle company parachuting into Normandy early on D-D…"
Fargo,2014-04-15,2024-01-16,8.7,"[""Drama"", ""Comedy"", ""Crime""]",To Be Determined,FX,"is a seasonal anthology crime drama with some dark comical elements, inspired by the film Fargo written by the Coen brothers. Each season follows a new case and new characters, all entrenched in the trademark humor, murder and ""Minnesota nice"" that has made the film an enduring…"
Andor,2022-09-21,2025-05-13,8,"[""Science-Fiction"", ""Thriller"", ""Espionage""]",Ended,Disney+,"explores a new perspective from the Star Wars galaxy, focusing on Cassian Andor's journey to discover the difference he can make. The series brings forward the tale of the burgeoning rebellion against the Empire and how people and planets became involved. It's an era filled with…"
Elsbeth,2024-02-29,2025-10-23,7.4,"[""Drama"", ""Crime""]",Running,CBS,"follows Elsbeth Tascioni, an astute but unconventional attorney who utilizes her singular point of view to make unique observations and corner brilliant criminals alongside the NYPD. After leaving her successful legal career in Chicago to tackle a new investigative role in New Y…"
Black Mirror,2011-12-04,2025-04-10,8.4,"[""Drama"", ""Science-Fiction"", ""Thriller""]",To Be Determined,Netflix,"Over the last ten years, technology has transformed almost every aspect of our lives before we've had time to stop and question it. In every home; on every desk; in every palm - a plasma screen; a monitor; a smartphone--a black mirror of our 21st Century existence. Black Mirror…"
Bob's Burgers,2011-01-09,2025-10-26,8,"[""Comedy"", ""Family""]",Running,FOX,"The series follows Bob who runs Bob's Burgers, with the help of his wife and their three kids. Bob has big ideas about burgers, but the rest of the clan falls short on service. Despite the greasy counters and lousy location, the Belchers are determined to make every ""Grand Re-Re…"
Supernatural,2005-09-13,2020-11-19,8.4,"[""Drama"", ""Action"", ""Supernatural""]",Ended,The CW,"This haunting series follows the Winchester brothers as they crisscross the lonely and mysterious back roads of the country in their '67 Chevy Impala, hunting down every evil supernatural force they encounter along the way."
Fire Country,2022-10-07,2025-10-24,6.3,"[""Drama"", ""Action""]",Running,CBS,"In Fire Country, seeking redemption and a shortened prison sentence, young convict Bode Donovan joins a firefighting program that returns him to his small Northern California hometown, where he and other inmates work alongside elite firefighters to extinguish massive blazes acro…"
Dune: Prophecy,2024-11-17,2024-12-22,7,"[""Drama"", ""Science-Fiction""]",Running; returning 2026,HBO,"From the expansive universe of Dune, 10,000 years before the ascension of Paul Atreides, Dune: Prophecy follows two Harkonnen sisters as they combat forces that threaten the future of humankind and establish the fabled sect that will become known as the Bene Gesserit."
The Lord of the Rings: The Rings of Power,2022-09-02,2024-10-03,7.1,"[""Drama"", ""Adventure"", ""Fantasy""]",Running; returning 2026,Prime Video,"Set thousands of years before the events of The Lord of the Rings, this epic drama follows an ensemble cast of characters, both familiar and new, as they confront the long-feared re-emergence of evil to Middle-earth."
Matlock,2024-09-22,2025-10-23,7.6,"[""Drama"", ""Mystery"", ""Legal""]",Running,CBS,"After achieving success in her younger years, the brilliant septuagenarian Madeline Matlock rejoins the work force at a prestigious law firm where she uses her unassuming demeanor and wily tactics to win cases and expose corruption from within."
NCIS: Origins,2024-10-14,2025-10-21,7.2,"[""Drama"", ""Action"", ""Crime""]",Running,CBS,"In NCIS: Origins, young Leroy Jethro Gibbs starts his career as a newly minted special agent at the fledgling NCIS Camp Pendleton office where he forges his place on a gritty, ragtag team led by NCIS legend Mike Franks."
NCIS: Sydney,2023-11-10,2025-10-21,7.1,"[""Drama"", ""Crime""]",Running,Paramount+,"With rising international tensions in the Indo-Pacific, a brilliant and eclectic team of U.S. NCIS agents and the Australian Federal Police (AFP) are grafted into a multinational taskforce to keep naval crimes in check in the most contested patch of ocean on the planet."
The Terminal List,2022-07-01,2022-07-01,7.7,"[""Drama"", ""Action"", ""Thriller""]",Running; returning 2026,Prime Video,"Based on the best-selling novel by Jack Carr, The Terminal List follows James Reece after his entire platoon of Navy SEALs is ambushed during a high-stakes covert mission. Reece returns home to his family with conflicting memories of the event and questions about his culpability…"
Task,2025-09-07,2025-10-19,7.3,"[""Drama"", ""Crime""]",Ended,HBO,is set in the working class suburbs outside of Philadelphia and follows an FBI agent as he heads a Task Force to put an end to a string of drug-house robberies led by an unsuspecting family man.
Taboo,2017-01-07,2017-02-25,8.3,"[""Drama"", ""Thriller"", ""Mystery""]",Running; returning 2026,BBC One,"1814: James Keziah Delaney returns to London from Africa and is encircled by conspiracy, murder and betrayal."
Dexter: Resurrection,2025-07-11,2025-09-05,8.8,"[""Drama"", ""Crime"", ""Mystery""]",Running; returning 2026,Paramount+,"Dexter Morgan awakens from a coma and sets out for New York City, determined to find Harrison and make things right. But when Miami Metro's Angel Batista arrives with questions, Dexter realizes his past is catching up to him fast."
NCIS: Tony & Ziva,2025-09-04,2025-10-23,6.8,"[""Drama"", ""Action""]",To Be Determined,Paramount+,"Tony and Ziva have been raising their daughter, Tali, together. When Tony's security company is attacked, they must go on the run across Europe, try to figure out who is after them and maybe even learn to trust each other again so that they can finally have their unconventional…"
MobLand,2025-03-30,2025-06-01,8,"[""Drama"", ""Crime""]",Running; returning 2026,Paramount+,"With the most powerful clients in Europe, MobLand will see family fortunes and reputations at risk, odd alliances unfold, and betrayal around every corner; and while the family might be London's most elite fixers today, the nature of their business means there is no guarantee wh…"
Dark Matter,2024-05-08,2024-06-26,7.4,"[""Science-Fiction"", ""Thriller"", ""Mystery""]",Running; returning 2025,Apple TV,"Hailed as one of the best sci-fi novels of the decade, Dark Matter is a story about the road not taken. The series follows Jason Dessen, a physicist, professor, and family man who – one night while walking home on the streets of Chicago – is abducted into an alternate version of…"
Shrinking,2023-01-27,2024-12-24,7.9,"[""Comedy""]",Running; returning January 2026,Apple TV,"follows a grieving therapist who starts to break the rules and tell his clients exactly what he thinks. Ignoring his training and ethics, he finds himself making huge, tumultuous changes to people's lives… including his own."
For All Mankind,2019-11-01,2024-01-12,7.5,"[""Drama"", ""Science-Fiction""]",Running; returning 2025,Apple TV,"Imagine a world where the global space race never ended. This thrilling ""what if"" take on history from Ronald D. Moore (Outlander, Battlestar Galactica) spotlights the high-stakes lives of NASA astronauts and their families."
Survivor,2009-09-17,2025-10-22,7.3,"[""Adventure""]",Running,CBS,"Eighteen to twenty castaways will compete against each other on Survivor. All castaways will compete to outwit, outplay, outlast and ultimately be crowned Sole Survivor."
The Walking Dead,2010-10-31,2022-11-20,7.9,"[""Drama"", ""Action"", ""Horror""]",Ended,AMC+,"tells the story of the months and years that follow after a zombie apocalypse. It follows a group of survivors, led by former police officer Rick Grimes, who travel in search of a safe and secure home. As the world overrun by the dead takes its toll on the survivors, their inter…"
Dark Winds,2022-06-12,2025-04-27,7.4,"[""Crime"", ""Thriller"", ""Mystery""]",Running; returning February 2026,AMC+,"Based on the iconic Leaphorn &amp; Chee book series by Tony Hillerman, Dark Winds is a psychological thriller that follows two Navajo police officers in the 1970s Southwest, as their search for clues in a grisly double murder case forces them to challenge their own spiritual bel…"
Law & Order,1994-09-21,2025-10-23,7.3,"[""Drama"", ""Crime"", ""Legal""]",Running,NBC,"In the criminal justice system, the people are represented by two separate, yet equally important, groups: the police, who investigate crime; and the district attorneys, who prosecute the offenders. These are their stories."
The Pitt,2025-01-09,2025-04-10,8.6,"[""Drama"", ""Medical""]",Running; returning January 2026,HBO Max,"is a realistic examination of the challenges facing healthcare workers in today's America as seen through the lens of the frontline heroes working in a modern-day hospital in Pittsburgh, Pennsylvania. Each episode follows an hour of Dr. Robby's 15-hour shift as the chief attenda…"
The Lincoln Lawyer,2022-05-13,2024-10-17,7.9,"[""Drama"", ""Crime"", ""Legal""]",Running; returning 2026,Netflix,"Mickey Haller, an iconoclastic idealist, runs his law practice out of the back seat of his Lincoln Town Car, as he takes on cases big and small across the expansive city of Los Angeles."
Murdoch Mysteries,2008-01-24,2025-10-27,8,"[""Drama"", ""Crime"", ""Mystery""]",Running,CBC Gem,"Set in Toronto at the dawn of the 20th century, Murdoch Mysteries is a one-hour drama series that explores the intriguing world of William Murdoch, a methodical and dashing detective who pioneers innovative forensic techniques to solve some of the city's most gruesome murders. M…"
Anne Rice's Mayfair Witches,2023-01-05,2025-03-02,6,"[""Drama"", ""Fantasy"", ""Supernatural""]",Running; returning 2027,AMC+,"centers on an intuitive young neurosurgeon who discovers that she is the unlikely heir to a family of witches. As she grapples with her newfound powers, she must contend with a sinister presence that has haunted her family for generations."
The Orville,2017-09-10,2022-08-04,7.6,"[""Comedy"", ""Adventure"", ""Science-Fiction""]",To Be Determined,Hulu,"is a live-action, one-hour space adventure series set 400 years in the future that follows The Orville, a mid-level exploratory spaceship. Its crew, both human and alien, face the wonders and dangers of outer space, while also dealing with the familiar, often humorous problems o…"
The Night Of,2016-07-10,2016-08-28,8.4,"[""Drama"", ""Crime"", ""Legal""]",Ended,HBO,"is an eight-part limited series that delves into the intricate story of a fictitious murder case in New York City. The series follows the police investigation and legal proceedings, all the while examining the criminal justice system and the purgatory of Rikers Island, where the…"
The Terminal List: Dark Wolf,2025-08-27,2025-09-24,7.6,"[""Drama"", ""Thriller"", ""Espionage""]",To Be Determined,Prime Video,is a prequel series with an origin story that follows Ben Edwards throughout his journey from the Navy SEALs to the clandestine side of CIA Special Operations. The series is an espionage thriller that explores the darker side of warfare and the human cost that comes with it.
The Last Frontier,2025-10-10,2025-10-24,7.6,"[""Drama"", ""Crime""]",Running,Apple TV,"When a prison transport plane suspiciously crashes near a rugged Alaskan town, the region's U.S. marshal ignites a manhunt for dozens of violent inmates—and the criminal mastermind he believes is behind it all."
Severance,2022-02-18,2025-03-21,7.6,"[""Drama"", ""Science-Fiction"", ""Mystery""]",Running; returning 2026,Apple TV,"Mark Scout leads a team at Lumon Industries, whose employees have undergone a severance procedure, which surgically divides their memories between their work and personal lives. This daring experiment in ""work-life balance"" is called into question as Mark finds himself at the ce…"
The Neighborhood,2018-10-01,2025-10-27,6.3,"[""Comedy"", ""Family""]",Running,CBS,"telling about what happens when the friendly guy in the Midwest moves his family to a neighborhood in Los Angeles where not everyone looks like him or appreciates his extreme neighborliness. When Dave Johnson and his family arrive from Michigan, they're unfazed that their new dr…"
Saturday Night Live,2004-10-02,2025-10-18,5.9,"[""Comedy"", ""Music""]",Running,NBC,"Since its inception in 1975, ""SNL"" has launched the careers of many of the brightest comedy performers of their generation. As The New York Times noted on the occasion of the show's Emmy-winning 25th Anniversary special in 1999, ""in defiance of both time and show business conven…"
Murder in a Small Town,2024-09-24,2025-10-21,6.5,"[""Drama"", ""Crime""]",Running,FOX,"Karl Alberg moves to a quiet coastal town to soothe a psyche that has been battered by big-city police work. But this gentle paradise has more than its share of secrets, and Karl will need to call upon all the skills that made him a world-class detective in solving the murders t…"
Hawaii Five-0,2010-09-20,2020-04-03,7.7,"[""Drama"", ""Action"", ""Crime""]",Ended,CBS,"is a contemporary take on the classic series about a new elite federalized task force whose mission is to wipe out the crime that washes up on the Islands' sun-drenched beaches. Detective Steve McGarrett, a decorated Naval officer-turned-cop, returned to Oahu to investigate his…"
Watson,2025-01-26,2025-10-27,5.8,"[""Drama"", ""Mystery"", ""Medical""]",Running,CBS,"In Watson a year after the death of his friend and partner Sherlock Holmes at the hands of Moriarty, Dr. John Watson resumes his medical career as the head of a clinic dedicated to treating rare disorders. Watson's old life isn't done with him, though — Moriarty and Watson are s…"
Anne Rice's Interview with the Vampire,2022-09-29,2024-06-30,6.6,"[""Horror"", ""Supernatural""]",Running; returning 2026,AMC+,"Based on Anne Rice's iconic and bestselling novel, Anne Rice's Interview with the Vampire follows Louis de Pointe, Lestat de Lioncourt and Claudia's epic story of love, blood and the perils of immortality, as told to the journalist Daniel Molloy. Chafing at the limitations of li…"
Stargate SG·1,1997-07-27,2007-06-22,8.8,"[""Action"", ""Adventure"", ""Science-Fiction""]",Ended,Syfy,Stargate SG-1 is a science fiction series based on the original film Stargate. It involves the team SG-1 going on various adventures to different alien worlds through Stargates. Throughout the series they encounter various alien threats and allies including but not limited to th…
Georgie & Mandy's First Marriage,2024-10-17,2025-10-23,7.4,"[""Comedy"", ""Family""]",Running,CBS,"Georgie &amp; Mandy's First Marriage follows Georgie and Mandy as they raise their young family in Texas while navigating the challenges of adulthood, parenting and marriage."
1923,2022-12-18,2025-04-06,8,"[""Drama"", ""Western""]",Ended,Paramount+,"focuses on the Dutton family's next two generations as they struggle to survive historic drought, lawlessness and prohibition, and an epidemic of cattle theft; all battled beneath the cloud of Montana's great depression, which preceded the nation by almost a decade."
American Horror Story,2011-10-05,2024-04-24,7.5,"[""Drama"", ""Horror"", ""Thriller""]",Running,FX,"is an horror television anthology series. Each season is conceived as a self-contained miniseries, following a disparate set of characters and settings, and a storyline with its own beginning, middle, and end. While some actors appear for more than one year, they play completely…"
Sheriff Country,2025-10-17,2025-10-24,7.5,"[""Drama"", ""Crime""]",Running,CBS,"focuses on straight-shooting sheriff Mickey Fox, the stepsister of Cal Fire's division chief Sharon Leone, who investigates criminal activity as she patrols the streets of small-town Edgewater while contending with her ex-con father, Wes, who is an off-the-grid marijuana grower,…"
Daredevil: Born Again,2025-03-04,2025-04-15,7.5,"[""Drama"", ""Action"", ""Science-Fiction""]",Running; returning March 2026,Disney+,Matt Murdock finds himself on a collision course with Wilson Fisk when their past identities begin to emerge.
Monarch: Legacy of Monsters,2023-11-17,2024-01-12,7.4,"[""Action"", ""Adventure"", ""Science-Fiction""]",Running; returning 2025,Apple TV,"After surviving Godzilla's attack on San Francisco, Cate is shaken yet again by a shocking secret. Amid monstrous threats, she embarks on a globetrotting adventure to learn the truth about her family—and the mysterious organization known as Monarch."
Billy the Kid,2022-04-24,2025-10-26,7,"[""Adventure"", ""Crime"", ""Western""]",Running,MGM+,"is based on the life of famous American outlaw Billy the Kid, also known as William H. Bonney -- from his humble Irish roots, to his early days as a cowboy and gunslinger in the American frontier, to his pivotal role in the Lincoln County War and beyond."
The Night Agent,2023-03-23,2025-01-23,7.8,"[""Action"", ""Thriller"", ""Mystery""]",Running; returning 2026,Netflix,"is a sophisticated, character-based, action-thriller centering on a low-level FBI Agent who works in the basement of the White House, manning a phone that never rings — until the night that it does, propelling him into a fast-moving and dangerous conspiracy that ultimately leads…"
Resident Alien,2021-01-27,2025-08-08,7.8,"[""Drama"", ""Comedy"", ""Science-Fiction""]",Ended,USA Network,"is a dark, twisted and comedic fish-out-of-water story that follows a crash-landed alien named Harry who, after taking on the identity of a small-town Colorado doctor, slowly begins to wrestle with the moral dilemma of his secret mission on Earth — ultimately asking the question…"
Yellowstone,2018-06-20,2024-12-15,8.1,"[""Drama"", ""Western""]",Ended,Paramount Network,"follows the Dutton family, led by John Dutton, who controls the largest contiguous ranch in the United States, under constant attack by those it borders — land developers, an Indian reservation, and America's first National Park. It is an intense study of a violent world far fro…"
The Agency: Central Intelligence,2024-11-29,2025-01-24,7.2,"[""Drama"", ""Thriller"", ""Espionage""]",Running; returning 2026,Paramount+,"follows Martian, a covert CIA agent ordered to abandon his undercover life and return to London Station. When the love he left behind reappears, romance reignites. His career, his real identity and his mission are pitted against his heart; hurling them both into a deadly game of…"
Hudson & Rex,2019-03-25,2025-10-27,7.5,"[""Drama"", ""Action"", ""Crime""]",Running,Citytv,"Detective Charlie Hudson, a cunning Major Crimes detective for the St. John's Police Department, teams up with an unusual partner – Rex, a former-K9 German Shepherd, whose heightened senses keep Charlie hot on the trail of his suspects. Together, they investigate puzzling crimes…"
Nobody Wants This,2024-09-26,2025-10-23,6.4,"[""Comedy""]",To Be Determined,Netflix,"An agnostic sex podcaster and a rabbi walk into a party. No, it's not the start of a joke — it's the beginning of a love story. And it's complicated."
Shetland,2013-03-10,2024-12-11,8.2,"[""Drama"", ""Crime"", ""Mystery""]",Running; returning 2025,BBC One,The dark side of one of the most beautiful places on earth. Uncovering secrets and lies from the past.
Anne Rice's Talamasca: The Secret Order,2025-10-26,2025-10-26,6.5,"[""Drama"", ""Supernatural""]",Running,AMC+,"focuses on a secretive society called the Talamasca, comprised of the men and women responsible for tracking and containing the witches, vampires, and other creatures scattered around the globe."
Brilliant Minds,2024-09-23,2025-10-27,5.2,"[""Drama"", ""Medical""]",Running,NBC,"Inspired by the extraordinary life and work of world-famous author and physician Oliver Sacks, Brilliant Minds follows a revolutionary, larger-than-life neurologist and his team of interns as they explore the last great frontier - the human mind - while grappling with their own…"
Trigger Point,2022-01-23,2025-10-26,7.3,"[""Drama"", ""Thriller""]",Running; returning 2026,ITVX,"Set in contemporary London, Trigger Point focuses on the Bomb Disposal Squad. Known as ""Expo"", officers risk their lives daily on ‘the long walk' towards danger. Death is always just a heartbeat away."
FBI: Most Wanted,2020-01-07,2025-05-20,6.4,"[""Drama"", ""Crime""]",Ended,CBS,"is a high-stakes drama that focuses on the Fugitive Task Force, which relentlessly tracks and captures the notorious criminals on the Bureau's Most Wanted list. Seasoned agent Jess LaCroix oversees the highly skilled team that functions as a mobile undercover unit that is always…"
The Night Manager,2016-02-21,2016-03-27,8.2,"[""Drama"", ""Thriller"", ""Espionage""]",Running; returning 2025,BBC One,Drama series based on the John le Carré novel. A hotel night manager is recruited by a government agent to infiltrate the inner circle of a ruthless arms dealer.
Arrow,2012-10-10,2020-01-28,7.4,"[""Drama"", ""Action"", ""Science-Fiction""]",Ended,The CW,"After a violent shipwreck, billionaire playboy Oliver Queen was missing and presumed dead for five years before being discovered alive on a remote island in the Pacific. He returned home to Starling City, welcomed by his devoted mother Moira, beloved sister Thea and former flame…"
Murderbot,2025-05-16,2025-07-11,7.3,"[""Comedy"", ""Action"", ""Science-Fiction""]",Running; returning 2026,Apple TV,"Based on Martha Wells' book series The Murderbot Diaries, an action-packed story about self-hacking security android who is horrified by human emotion yet drawn to its vulnerable clients. Murderbot must hide its free will and complete a dangerous assignment when all it really wa…"
Cross,2024-11-14,2024-11-14,6.9,"[""Crime"", ""Thriller"", ""Mystery""]",Running; returning February 2026,Prime Video,"Based on NY Times Bestselling author James Patterson's #1 hero, Cross is a crime thriller that follows the investigations of brilliant forensic psychologist and DC Metro Detective Alex Cross. Together with his best friend and partner Detective John Sampson, Cross delves into the…"
Ted Lasso,2020-08-14,2023-05-31,8.1,"[""Drama"", ""Comedy"", ""Sports""]",Running; returning 2026,Apple TV,centers on an idealistic — and clueless — all-American football coach hired to manage an English football club — despite having no soccer coaching experience at all.
Dexter,2006-10-01,2013-09-22,8.4,"[""Drama"", ""Crime"", ""Mystery""]",Ended,Paramount+ with Showtime,"He's smart, he's good looking, and he's got a great sense of humor. He's Dexter Morgan, everyone's favorite serial killer. As a Miami forensics expert, he spends his days solving crimes, and nights committing them. But Dexter lives by a strict code of honor that is both his savi…"
The Penguin,2024-09-19,2024-11-10,8,"[""Drama"", ""Crime""]",To Be Determined,HBO,"Starring Colin Farrell as Oz Cobb (aka The Penguin), the DC Studios series continues filmmaker Matt Reeves' The Batman epic crime saga that began with Warner Bros. Pictures' global blockbuster The Batman. Developed by showrunner Lauren LeFranc, the series centers on the characte…"
Game of Thrones,2011-04-17,2019-05-19,8.9,"[""Drama"", ""Adventure"", ""Fantasy""]",Ended,HBO,"Based on the bestselling book series A Song of Ice and Fire by George R.R. Martin, this sprawling new HBO drama is set in a world where summers span decades and winters can last a lifetime. From the scheming south and the savage eastern lands, to the frozen north and ancient Wal…"
NCIS: Los Angeles,2009-09-22,2023-05-21,7.9,"[""Drama"", ""Action"", ""Crime""]",Ended,CBS,"is a drama about the high-stakes world of a division of NCIS that is charged with apprehending dangerous and elusive criminals that pose a threat to the nation's security. By assuming false identities and utilizing the most advanced technology, this team of highly-trained agents…"
Shifting Gears,2025-01-08,2025-10-22,7.5,"[""Comedy""]",Running,ABC,"centers on Matt, a stubborn, widowed owner of a classic car restoration shop. When Matt's estranged daughter and her teenage kids move into his house, the real restoration begins."
Abbott Elementary,2021-12-07,2025-10-22,6.3,"[""Comedy""]",Running,ABC,"In this workplace comedy, a group of dedicated, passionate teachers — and a slightly tone-deaf principal — are brought together in a Philadelphia public school where, despite the odds stacked against them, they are determined to help their students succeed in life. Though these…"
The Sandman,2022-08-05,2025-07-24,7.4,"[""Drama"", ""Fantasy""]",Ended,Netflix,"A rich blend of modern myth and dark fantasy in which contemporary fiction, historical drama and legend are seamlessly interwoven, The Sandman follows the people and places affected by Morpheus, the Dream King, as he mends the cosmic — and human — mistakes he's made during his v…"
Countdown,2025-06-25,2025-09-03,6.5,"[""Crime"", ""Thriller""]",Ended,Prime Video,"When an officer with the Department of Homeland Security is murdered in broad daylight, LAPD detective Mark Meachum is recruited to a secret task force, alongside undercover agents from all branches of law enforcement, to investigate. But the hunt for the killer soon uncovers a…"
S.W.A.T.,2017-11-02,2025-05-16,7.2,"[""Drama"", ""Action"", ""Crime""]",Ended,CBS,"Shemar Moore stars as a locally born and raised S.W.A.T. sergeant newly tasked to run a specialized tactical unit that is the last stop in law enforcement in Los Angeles. Torn between loyalty to where he was raised and allegiance to his brothers in blue, former Marine Daniel ""Ho…"
Friends,1994-09-22,2004-05-06,8.5,"[""Comedy"", ""Romance""]",Ended,NBC,"Six young (20-something) people from New York City (Manhattan), on their own and struggling to survive in the real world, find the companionship, comfort and support they get from each other to be the perfect antidote to the pressures of life."
The 100,2014-03-19,2020-09-30,7.7,"[""Action"", ""Adventure"", ""Science-Fiction""]",Ended,The CW,"Ninety-seven years ago, nuclear Armageddon decimated planet Earth, destroying civilization. The only survivors were the 400 inhabitants of 12 international space stations that were in orbit at the time. Three generations have been born in space, the survivors now number 4,000, a…"
The Amazing Race,2002-03-11,2025-10-22,6.8,"[""Action"", ""Adventure"", ""Family""]",Running,CBS,"From athletes and actors to tattoo artists, social workers and musicians - a diverse mix of teams will need to utilize their street smarts and savvy know-how to compete in the race of their lifetime."
The Lowdown,2025-09-23,2025-10-21,6.1,"[""Drama"", ""Comedy"", ""Crime""]",Running,FX,"Citizen journalist Lee Raybon is a self-proclaimed Tulsa ""truthstorian"" whose obsession with the truth is always getting him into trouble."
The Institute,2025-07-13,2025-08-24,6.6,"[""Horror"", ""Science-Fiction"", ""Thriller""]",Running; returning 2026,MGM+,"When 12-year-old genius Luke Ellis is kidnapped, he awakens at The Institute, a facility full of children who all got there the same way he did, and who are all possessed of unusual abilities. In a nearby town, haunted former police officer Tim Jamieson has come looking to start…"
Ballard,2025-07-09,2025-07-09,7.1,"[""Drama"", ""Crime""]",Running; returning 2027,Prime Video,"Detective Renée Ballard is tasked with running the LAPD's new cold case division—a poorly funded, all-volunteer unit with the largest case load in the city. Ballard approaches these frozen-in-time cases with empathy and determination. When she uncovers a larger conspiracy during…"
The Rainmaker,2025-08-15,2025-10-17,7.1,"[""Drama"", ""Crime"", ""Legal""]",Running; returning 2026,USA Network,"Fresh out of law school, Rudy Baylor goes head-to-head with courtroom lion Leo Drummond as well as his law school girlfriend. Rudy, along with his boss and her disheveled paralegal, uncover two connected conspiracies surrounding the mysterious death of their client's son."
Doc,2025-01-07,2025-10-21,6.9,"[""Drama"", ""Medical""]",Running,FOX,"centers on the hard-charging, brilliant Dr. Amy Larsen, Chief of Internal and Family Medicine at Westside Hospital in Minneapolis. After a brain injury erases the last eight years of her life, Amy must navigate an unfamiliar world where she has no recollection of patients she's…"
Law & Order: Organized Crime,2021-04-01,2025-06-12,7.5,"[""Drama"", ""Crime""]",To Be Determined,Peacock,"In the nation's largest city, the vicious and violent members of the underworld are hunted by the detectives of the Organized Crime Control Bureau. These are their stories."
Lucifer,2016-01-25,2021-09-10,8.3,"[""Drama"", ""Crime"", ""Supernatural""]",Ended,Netflix,"Based upon the characters created by Neil Gaiman, Sam Kieth and Mike Dringenberg for DC Entertainment's Vertigo imprint, Lucifer is the story of the original fallen angel. Bored and unhappy as the Lord of Hell, Lucifer Morningstar has abandoned his throne and retired to L.A., wh…"
Boston Blue,2025-10-17,2025-10-24,8.1,"[""Drama"", ""Crime""]",Running,CBS,"In Boston Blue, NYPD Detective Danny Reagan takes a position with Boston PD. Once in Boston, he is paired with Detective Lena Peters, the eldest daughter of a prominent law enforcement family."
The Walking Dead: Dead City,2023-06-15,2025-06-22,7.1,"[""Drama"", ""Action"", ""Horror""]",Running; returning 2026,AMC+,"envisions the popular Maggie and Negan characters travelling into a post-apocalyptic Manhattan long ago cut off from the mainland. The crumbling city is filled with the dead and denizens who have made New York City their own world full of anarchy, danger, beauty, and terror."
Paradise,2025-01-26,2025-03-04,7.4,"[""Drama"", ""Thriller""]",Running; returning 2026,Hulu,is set in a serene community inhabited by some of the world's most prominent individuals. But this tranquillity explodes when a shocking murder occurs and a high-stakes investigation unfolds.
Ahsoka,2023-08-22,2023-10-03,7.5,"[""Action"", ""Adventure"", ""Science-Fiction""]",Running,Disney+,"Set after the fall of the Empire, Ahsoka follows the former Jedi knight Ahsoka Tano as she investigates an emerging threat to a vulnerable galaxy."
Breaking Bad,2008-01-20,2013-09-29,9.2,"[""Drama"", ""Crime"", ""Thriller""]",Ended,AMC,"follows protagonist Walter White, a chemistry teacher who lives in New Mexico with his wife and teenage son who has cerebral palsy. White is diagnosed with Stage III cancer and given a prognosis of two years left to live. With a new sense of fearlessness based on his medical pro…"
9-1-1: Nashville,2025-10-09,2025-10-23,7,"[""Drama"", ""Action"", ""Crime""]",Running,ABC,"is a high-octane procedural about heroic first responders, as well as their family saga of power and glamour set in one of America's most diverse and dynamic cities."
The Gentlemen,2024-03-07,2024-03-07,7.7,"[""Comedy"", ""Action"", ""Crime""]",Running; returning 2025,Netflix,"When aristocratic Eddie inherits the family estate, he discovers that it's home to an enormous weed empire — and its proprietors aren't going anywhere."
Yellowjackets,2021-11-14,2025-04-11,7,"[""Drama"", ""Horror"", ""Supernatural""]",Running,Paramount+,"follows a girls' high school soccer team. In 1975, the Dearborn High Yellowjackets became the first team in state history to qualify for the Girls' U.S. Soccer Championship Series in Manchester, NH. They never got the chance to compete. Equal parts survival epic, horror story an…"
Upload,2020-05-01,2025-08-25,7.7,"[""Comedy"", ""Science-Fiction"", ""Mystery""]",Ended,Prime Video,"is a sci-fi sitcom that takes place in the near future, where people who are near death can be ""uploaded"" into a virtual afterlife of their choice. In 2033, secretly romantic Brooklyn-born Nora works customer service for a luxurious virtual reality environment. When handsome L.A…"
The Handmaid's Tale,2017-04-26,2025-05-27,7.5,"[""Drama"", ""Science-Fiction""]",Ended,Hulu,"is the story of life in the dystopia of Gilead, a totalitarian society in what was formerly the United States. Facing environmental disasters and a plunging birthrate, Gilead is ruled by a twisted fundamentalism in its militarized ‘return to traditional values'. As one of the fe…"
Black Doves,2024-12-05,2024-12-05,6.9,"[""Drama"", ""Thriller"", ""Espionage""]",Running,Netflix,"Helen Webb, politician's wife, doting mother, and professional spy, has been passing on her husband's secrets to the Black Doves, the shadowy organization for whom she works. But when her lover Jason is assassinated, Helen's life is turned upside down, and only her old friend Sa…"
Twisted Metal,2023-07-27,2025-08-28,6.9,"[""Action"", ""Fantasy"", ""Science-Fiction""]",To Be Determined,Peacock,"is about a motor-mouthed outsider offered a chance at a better life, but only if he can successfully deliver a mysterious package across a post-apocalyptic wasteland. With the help of a trigger-happy car thief, he faces savage marauders driving vehicles of destruction and other…"
Hell's Kitchen,2005-05-30,2025-10-23,6.8,"[""Food""]",Running,FOX,"In Hell's Kitchen, aspiring chefs are put through an intense culinary academy to prove they possess the right combination of ingredients to win a life-changing grand prize."
The Voice,2016-02-29,2025-10-27,5.9,"[""Music""]",Running,NBC,"is a singing competition where famous musicians serve as coaches to mentor aspiring artists through a series of blind auditions, battles, and live performances, with the ultimate goal of finding and crowning America's best new vocal talent."
One-Punch Man,2015-10-06,2025-10-26,8.3,"[""Comedy"", ""Action"", ""Anime""]",Running,TV Tokyo,"is a super hero who has trained so hard that his hair has fallen out, and who can overcome any enemy with one punch. However, because he is so strong, he has become bored and frustrated with winning all his battles so easily."
The Hunting Party,2025-01-19,2025-04-07,6.6,"[""Drama"", ""Crime"", ""Thriller""]",Running; returning 2026,NBC,"When a secret prison suffers a mysterious explosion that allows the nation's most violent serial killers to escape, a former profiler is thrust back into a thrilling game of cat and mouse. Alongside a team of soldiers, spies and special agents, she has no choice but to track dow…"
FBI: International,2021-09-21,2025-05-20,7.1,"[""Drama"", ""Crime""]",Ended,CBS,"follows the elite operatives of the Federal Bureau of Investigation's International Fly Team. Headquartered in Budapest, they travel the world with the mission of tracking and neutralizing threats against American citizens wherever they may be. Not allowed to carry guns, the Fly…"
Miss Scarlet,2020-03-31,2024-12-08,7.1,"[""Drama"", ""Crime"", ""Mystery""]",Running; returning December 2025,PBS Passport,"When Eliza's father dies, he leaves her penniless in a time where marriage is the only option for financial security. But the headstrong Eliza has an ace up her bonnet - her father's business, a detective agency. But it's Victorian London and, to operate in this man's world, she…"
Futurama,1999-03-28,2025-09-15,8.6,"[""Comedy"", ""Adventure"", ""Science-Fiction""]",Running; returning 2026,Hulu,"follows pizza guy Philip J. Fry, who reawakens in 31st century New New York after a cryonics lab accident. Now part of the Planet Express delivery crew, Fry travels to the farthest reaches of the universe with his robot buddy Bender and cyclopsian love interest Leela, discoverin…"
Will Trent,2023-01-03,2025-05-13,7.8,"[""Drama"", ""Crime""]",Running; returning 2026,ABC,"In Will Trent Special Agent Will Trent of the Georgia Bureau of Investigations was abandoned at birth and endured a harsh coming-of-age in Atlanta's overwhelmed foster care system. But now, determined to use his unique point of view to make sure no one is abandoned like he was,…"
The Bear,2022-06-23,2025-06-25,7.2,"[""Drama"", ""Comedy"", ""Food""]",Running,Hulu,"Carmy, a young fine-dining chef, comes home to Chicago to run his family sandwich shop. As he fights to transform the shop and himself, he works alongside a rough-around-the-edges crew that ultimately reveal themselves as his chosen family."
Doctor Who,2024-05-10,2025-05-31,6.6,"[""Drama"", ""Adventure"", ""Science-Fiction""]",To Be Determined,BBC iPlayer,"The Doctor and friends travel from the dawn of human history to distant alien worlds. And everywhere they go, they find adventure, terror, fun, chases, joy and monsters."
Strike,2017-08-27,2024-12-16,8,"[""Drama"", ""Crime"", ""Mystery""]",Running; returning 2026,BBC iPlayer,"is a drama series based on the novels by Robert Galbraith. Cormoran Strike, an injured war veteran turned PI, and secretary Robin Ellacott seek the truth surrounding a mysterious death."
Agatha All Along,2024-09-18,2024-10-30,6.3,"[""Comedy"", ""Action"", ""Science-Fiction""]",To Be Determined,Disney+,"In Agatha All Along, the infamous Agatha Harkness finds herself down and out of power after a suspicious goth Teen helps break her free from a distorted spell. Her interest is piqued when he begs her to take him on the legendary Witches' Road, a magical gauntlet of trials that,…"
Percy Jackson and the Olympians,2023-12-19,2024-01-30,6.6,"[""Adventure"", ""Fantasy"", ""Supernatural""]",Running; returning December 2025,Disney+,12-year-old modern demigod Percy Jackson has just come to terms with his newfound supernatural powers when the sky god Zeus accuses him of stealing his master lightning bolt. Now Percy must trek across America to find it and restore order to Olympus.
The Gilded Age,2022-01-24,2025-08-10,7.6,"[""Drama"", ""History""]",Running; returning 2026,HBO,"The American Gilded Age was a period of immense economic change, of huge fortunes made and lost, and the rise of disparity between old money and new. Against this backdrop of change, the story begins in 1882 — introducing young Marian Brook, the orphaned daughter of a Union gene…"
Cobra Kai,2018-05-02,2025-02-13,7.2,"[""Drama"", ""Comedy"", ""Action""]",Ended,Netflix,"Thirty years after the events of the 1984 All Valley Karate Tournament, Johnny Lawrence's life has taken a rocky turn as he tries to forget a past that constantly haunts him. He seeks redemption by reopening the infamous Cobra Kai karate dojo. But the LaRusso-Lawrence rivalry of…"
Rick and Morty,2013-12-02,2025-07-27,8.8,"[""Comedy"", ""Adventure"", ""Science-Fiction""]",Running; returning 2026,Adult Swim,"Rick is a mentally gifted, but sociopathic and alcoholic scientist and a grandfather to Morty; an awkward, impressionable, and somewhat spineless teenage boy. Rick moves into the family home of Morty, where he immediately becomes a bad influence."
Doctor Who,2005-03-26,2021-12-05,8.3,"[""Drama"", ""Adventure"", ""Science-Fiction""]",Ended,BBC One,Adventures across time and space with the time travelling alien and companions.
Dept. Q,2025-05-29,2025-05-29,8.1,"[""Drama"", ""Crime"", ""Thriller""]",Running,Netflix,"DCI Carl Morck is a brilliant cop but a terrible colleague. His razor-sharp sarcasm has made him no friends in Edinburgh police. After a shooting that leaves a young PC dead, and his partner paralysed, he finds himself exiled to the basement and the sole member of Department Q;…"
Bridgerton,2020-12-25,2024-06-13,7.3,"[""Drama"", ""Romance""]",Running; returning January 2026,Netflix,"Based on Julia Quinn's best-selling series of novels, Bridgerton is set in the sexy, lavish and competitive world of Regency London high society. From the glittering ballrooms of Mayfair to the aristocratic palaces of Park Lane and beyond, the series unveils a seductive, sumptuo…"
All Creatures Great and Small,2020-09-01,2025-10-23,8.2,"[""Drama""]",Running,5,chronicles the adventures of a young country veterinarian.
Good Omens,2019-05-31,2023-07-28,7.8,"[""Comedy"", ""Action"", ""Fantasy""]",Running; returning 2026,Prime Video,"According to The Nice and Accurate Prophecies of Agnes Nutter, Witch (the world's only completely accurate book of prophecies), the world will end on a Saturday. Next Saturday, in fact. Just before dinner. So the armies of Good and Evil are amassing, Atlantis is rising, tempers…"
Revival,2025-06-12,2025-08-14,6.3,"[""Crime"", ""Science-Fiction"", ""Mystery""]",To Be Determined,Syfy,"is set on one miraculous day in rural Wisconsin when the recently deceased suddenly rise from their graves. But this is no zombie story as the ""revived"" appear and act just like they once were. When local Officer and single mother Dana Cypress is unexpectedly thrown into the cen…"
The Wheel of Time,2021-11-19,2025-04-17,7.2,"[""Drama"", ""Adventure"", ""Fantasy""]",Ended,Prime Video,"is set in a sprawling, epic world where magic exists, but only women can use it safely. Meaning that in this series — women hold the keys to power. The story follows Moiraine, a member of the shadowy and influential all-female organization called the ‘Aes Sedai' as she embarks o…"
Grimm,2011-10-28,2017-03-31,8.4,"[""Drama"", ""Crime"", ""Supernatural""]",Ended,NBC,"is a drama series inspired by the classic Grimm Brothers' Fairy Tales. After Portland homicide detective Nick Burkhardt discovers he's descended from an elite line of criminal profilers known as ""Grimms"", he increasingly finds his responsibilities as a detective at odds with his…"
Based on a True Story,2023-06-08,2024-11-21,6.9,"[""Comedy"", ""Crime"", ""Thriller""]",Ended,Peacock,"is about a realtor, a plumber and a former tennis star whose lives unexpectedly collide, exposing America's obsession with true crime and murder."
Poker Face,2023-01-26,2025-07-10,7.1,"[""Drama"", ""Crime"", ""Mystery""]",To Be Determined,Peacock,"is a ""mystery-of-the-week"" series following Natasha Lyonne's Charlie Cale, who has an extraordinary ability to determine when someone is lying. She hits the road with her Plymouth Barracuda and with every stop encounters a new cast of characters and strange crimes she can't help…"
1883,2021-12-19,2022-02-27,8.8,"[""Drama"", ""Adventure"", ""Western""]",Ended,Paramount+,"follows the Dutton family as they embark on a journey west through the Great Plains toward the last bastion of untamed America. It is a stark retelling of Western expansion, and an intense study of one family fleeing poverty to seek a better future in America's promised land - M…"
Ironheart,2025-06-24,2025-07-01,5.4,"[""Action"", ""Science-Fiction""]",To Be Determined,Disney+,"Set after the events of ""Black Panther: Wakanda Forever,"" Ironheart pits technology against magic when Riri Williams - a young, genius inventor determined to make her mark on the world - returns to her hometown of Chicago. Her unique take on building iron suits is brilliant, but…"
The Recruit,2022-12-16,2025-01-30,7.7,"[""Action"", ""Thriller"", ""Espionage""]",Ended,Netflix,"follows Owen Hendricks, a fledgling lawyer at the CIA who becomes enmeshed in dangerous international power politics when a former asset threatens to expose the agency."
The Ark,2023-02-01,2024-10-02,6.1,"[""Drama"", ""Science-Fiction""]",Running; returning 2026,Syfy,takes place 100 years in the future when planetary colonization missions have begun as a necessity to help secure the survival of the human race. The first of these missions on a spacecraft known as Ark One encounters a catastrophic event causing massive destruction and loss of…
Bad Monkey,2024-08-14,2024-10-09,7.5,"[""Drama"", ""Comedy"", ""Crime""]",Running; returning 2026,Apple TV,"tells the story of Andrew Yancy, a one-time detective demoted to restaurant inspector in Southern Florida. A severed arm found by a tourist out fishing pulls Yancy into the world of greed and corruption that decimates the land and environment in both Florida and the Bahamas. And…"
Deadliest Catch,2005-04-12,2025-10-24,7.4,"[""Action"", ""Adventure"", ""Nature""]",Running,Discovery,"It's the deadliest job on earth: crab fishing off the Alaskan coast on the icy Bering Sea. These adventurers will battle Arctic weather, brutal waves, and a ticking clock for big money in this modern-day gold rush from which they may never return."
The Flash,2014-10-07,2023-05-24,7.5,"[""Drama"", ""Action"", ""Science-Fiction""]",Ended,The CW,"After a particle accelerator causes a freak storm, CSI Investigator Barry Allen is struck by lightning and falls into a coma. Months later he awakens with the power of super speed, granting him the ability to move through Central City like an unseen guardian angel. Though initia…"
It's Always Sunny in Philadelphia,2005-08-04,2025-08-20,8.1,"[""Comedy""]",Running,FXX,"is an American comedy series about four friends in their late 20s with clear sociopathic tendencies who run an unsuccessful Irish bar, ""Paddy's Pub,"" in South Philadelphia. The series deals with a variety of controversial topics, including abortion, gun control, physical disabil…"
Chief of War,2025-08-01,2025-09-19,6.8,"[""Drama"", ""History""]",To Be Determined,Apple TV,follows the epic and unprecedented telling of the unification and colonization of Hawaii from an indigenous point of view.
Elementary,2012-09-27,2019-08-15,8.3,"[""Drama"", ""Crime"", ""Mystery""]",Ended,CBS,"is a modern-day take on the classic Sherlock Holmes story about a crime-solving duo that cracks the NYPD's most impossible cases. Following his fall from grace in London and a stint in rehab, eccentric Sherlock escapes to Manhattan where his wealthy father forces him to live wit…"
Untamed,2025-07-17,2025-07-17,7.1,"[""Crime"", ""Thriller"", ""Mystery""]",Running; returning 2026,Netflix,"follows Kyle Turner, a special agent for the National Parks Service who works to enforce human law in nature's vast wilderness. The investigation of a brutal death sends Turner on a collision course with the dark secrets within the park, and in his own past."
Leverage: Redemption,2021-07-09,2025-06-05,7.2,"[""Action"", ""Adventure"", ""Crime""]",To Be Determined,Prime Video,"The Hitter, the Hacker, the Grifter and the Thief are together again, this time with help from a new tech genius and corporate fixer, to take on a new kind of villain. From the man who created an opioid crisis from the comfort of his boardroom to the shadowy security firm that h…"
Outlander: Blood of My Blood,2025-08-08,2025-10-10,7.3,"[""Drama"", ""Adventure"", ""Romance""]",Running; returning 2026,STARZ,"explores the lives and relationship of Claire's parents, Julia Moriston and Henry Beauchamp, and Jamie's parents, Ellen MacKenzie and Brian Fraser. The series centers on these two parallel love stories set in two different time periods, with Jamie's parents in the early 18th-cen…"
Star Wars: Visions,2021-09-22,2023-05-04,7.5,"[""Action"", ""Anime"", ""Science-Fiction""]",Running; returning October 2025,Disney+,", an Original Series of animated short films, celebrates the Star Wars galaxy through the lens of the world's best Japanese anime creators."
Halo,2022-03-24,2024-03-21,7.9,"[""Action"", ""Science-Fiction""]",Ended,Paramount+,"With the galaxy on the brink of destruction, Master Chief John-117 leads his team of Spartans against the alien threat known as the Covenant."
Euphoria,2019-06-16,2022-02-27,7,"[""Drama"", ""Crime"", ""Thriller""]",Running; returning 2026,HBO,"follows a group of high school students as they navigate love and friendships in a world of drugs, sex, trauma, and social media."
Star Trek: Discovery,2017-09-24,2024-05-30,7.3,"[""Drama"", ""Adventure"", ""Science-Fiction""]",Ended,Paramount+,"Star Trek, one of the most iconic and influential global television franchises, returns 50 years after it first premiered, with Star Trek: Discovery. The series will feature a new ship, new characters and new missions, while embracing the same ideology and hope for the future th…"
The White Lotus,2021-07-11,2025-04-06,6.9,"[""Drama"", ""Comedy""]",Running; returning 2026,HBO,"A social satire set at an exclusive tropical resort, The White Lotus follows the exploits of various guests and employees over the span of a week."
Evil,2019-09-26,2024-08-22,7.3,"[""Drama"", ""Thriller"", ""Supernatural""]",Ended,Paramount+,is a psychological mystery that examines the origins of evil along the dividing line between science and religion. The series focuses on a skeptical female psychologist who joins a priest-in-training and a carpenter as they investigate the Church's backlog of unexplained mysteri…
The X-Files,1993-09-10,2018-03-21,8.6,"[""Drama"", ""Crime"", ""Science-Fiction""]",Ended,FOX,"Two FBI agents, Fox Mulder (a believer) and Dana Scully (a skeptic), investigate unexplained cases where the paranormal might be involved while hidden forces work to impede their efforts."
Sherlock & Daughter,2025-04-16,2025-06-11,6.6,"[""Drama"", ""Thriller"", ""Mystery""]",To Be Determined,The CW,"The mystery thriller Sherlock &amp; Daughter puts Sherlock Holmes out of his comfort zone, mysteriously unable to investigate a sinister case without risking the lives of his closest friends. Enter: young American Amelia. After her mother's mysterious murder, she learns her miss…"
Star Wars: Skeleton Crew,2024-12-02,2025-01-14,6.9,"[""Action"", ""Adventure"", ""Science-Fiction""]",To Be Determined,Disney+,"The journey of four kids who make a mysterious discovery on their seemingly safe home planet, then get lost in a strange and dangerous galaxy. Finding their way home — and meeting unlikely allies and enemies — will be a greater adventure than they ever imagined."
Alice in Borderland,2020-12-10,2025-09-25,7.8,"[""Science-Fiction"", ""Thriller"", ""Mystery""]",Ended,Netflix,Every episode lists different main cast in the opening sequence (beside the two main which are there throughout the entire series).
Loot,2022-06-24,2025-10-22,6.3,"[""Comedy""]",Running,Apple TV,"In Loot, billionaire Molly Novak has a dream life, complete with private jets, a sprawling mansion and a gigayacht — anything her heart desires. But when her husband of 20 years betrays her, she spirals publicly, becoming fuel for tabloid fodder. She's reaching rock bottom when…"
The Late Show with Stephen Colbert,2023-01-03,2025-10-27,5.7,"[""Comedy""]",Running,CBS,"Stephen Colbert brings his signature satire and comedy to The Late Show with Stephen Colbert, the #1 show in late-night. Featuring bandleader Jon Batiste with his band Stay Human, the Emmy Award-nominated show broadcasts from the historic Ed Sullivan Theater. He talks with an ec…"
Butterfly,2025-08-13,2025-08-13,6.4,"[""Thriller"", ""Espionage""]",Ended,Prime Video,"revolves around David Jung, an enigmatic, highly unpredictable former US intelligence operative living in South Korea, whose life is blown to pieces when the consequences of an impossible decision from his past come back to haunt him, and he finds himself pursued by Rebecca, a d…"
